Date,Name,Type,Country Name,Country Code
2023-01-01,New Year's Day,['National holiday'],Germany,DE
2023-01-06,Epiphany,"['Observance', 'Christian']",Germany,DE
2023-01-06,Epiphany,['Common local holiday'],Germany,DE
2023-01-22,Franco-German Day,['Observance'],Germany,DE
2023-01-27,Remembrance Day for the Victims of National Socialism,['Observance'],Germany,DE
2023-02-14,Valentine's Day,['Observance'],Germany,DE
2023-02-16,Hizir Fast,['Observance'],Germany,DE
2023-02-20,Shrove Monday,['Observance'],Germany,DE
2023-02-21,Carnival Tuesday,['Observance'],Germany,DE
2023-02-22,Carnival / Ash Wednesday,"['Observance', 'Christian']",Germany,DE
2023-03-08,International Women's Day,['Observance'],Germany,DE
2023-03-08,International Women's Day,['Observance'],Germany,DE
2023-03-08,International Women's Day,['Observance'],Germany,DE
2023-03-08,International Women's Day,['Common local holiday'],Germany,DE
2023-03-08,International Women's Day,['Common local holiday'],Germany,DE
2023-03-17,St. Patrick's Day,"['Observance', 'Christian']",Germany,DE
2023-03-18,Anniversary of the March Revolution,['Observance'],Germany,DE
2023-03-20T22:24:20+01:00,March Equinox,['Season'],Germany,DE
2023-03-21,Alevitic New Year,['Observance'],Germany,DE
2023-03-26T02:00:00+01:00,Daylight Saving Time starts,['Clock change/Daylight Saving Time'],Germany,DE
2023-04-02,Palm Sunday,"['Observance', 'Christian']",Germany,DE
2023-04-06,Maundy Thursday,"['Observance', 'Christian']",Germany,DE
2023-04-06,Maundy Thursday,"['Observance', 'Christian']",Germany,DE
2023-04-06,First Day of Passover,"['Observance', 'Hebrew']",Germany,DE
2023-04-07,Good Friday,"['National holiday', 'Christian']",Germany,DE
2023-04-07,Second Day of Passover,"['Observance', 'Hebrew']",Germany,DE
2023-04-08,Holy Saturday,"['Observance', 'Christian']",Germany,DE
2023-04-09,Easter Sunday,"['Christian', 'Common local holiday']",Germany,DE
2023-04-09,Easter Sunday,"['Observance', 'Christian']",Germany,DE
2023-04-10,Easter Monday,"['National holiday', 'Christian']",Germany,DE
2023-04-11,Sixth Day of Passover,"['Observance', 'Hebrew']",Germany,DE
2023-04-12,Seventh Day of Passover,"['Observance', 'Hebrew']",Germany,DE
2023-04-22,Eid ul Fitr,"['Observance', 'Muslim']",Germany,DE
2023-04-23,German Beer Day,['Observance'],Germany,DE
2023-04-27,Girls' Day / Boys' Day,['Observance'],Germany,DE
2023-04-30,Walpurgis Night,['Observance'],Germany,DE
2023-05-01,May Day,['National holiday'],Germany,DE
2023-05-05,Europe Day (Council of Europe),['Observance'],Germany,DE
2023-05-08,Anniversary of the End of World War II,['Observance'],Germany,DE
2023-05-09,Europe Day (European Union),['Observance'],Germany,DE
2023-05-14,Mother's Day,['Observance'],Germany,DE
2023-05-18,Father's Day,['Observance'],Germany,DE
2023-05-18,Ascension Day,"['National holiday', 'Christian']",Germany,DE
2023-05-23,Constitution Day,['Observance'],Germany,DE
2023-05-26,First Day of Shavuot,"['Observance', 'Hebrew']",Germany,DE
2023-05-27,Second Day of Shavuot,"['Observance', 'Hebrew']",Germany,DE
2023-05-28,Whit Sunday,"['Observance', 'Christian']",Germany,DE
2023-05-28,Whit Sunday,"['Christian', 'Common local holiday']",Germany,DE
2023-05-29,Whit Monday,"['National holiday', 'Christian']",Germany,DE
2023-06-01,International Childrens' Day,['Observance'],Germany,DE
2023-06-03,European Bicycle Day,['Observance'],Germany,DE
2023-06-08,Corpus Christi,"['Christian', 'Common local holiday']",Germany,DE
2023-06-17,Remembrance of the Victims of SED Injustice,['Observance'],Germany,DE
2023-06-17,Anniversary of the Popular Uprising in the GDR,['Observance'],Germany,DE
2023-06-18,Car-free Sunday,['Observance'],Germany,DE
2023-06-21T16:57:49+02:00,June Solstice,['Season'],Germany,DE
2023-06-24,St. John,"['Observance', 'Christian']",Germany,DE
2023-06-24,Architecture Day,['Observance'],Germany,DE
2023-06-29,St Peter and Paul,"['Observance', 'Christian']",Germany,DE
2023-06-29,Eid al-Adha,"['Observance', 'Muslim']",Germany,DE
2023-07-28,Ashura,"['Observance', 'Muslim']",Germany,DE
2023-08-08,Peace Festival in Augsburg,['Local holiday'],Germany,DE
2023-08-15,Assumption of Mary,"['Christian', 'Common local holiday']",Germany,DE
2023-08-15,Assumption of Mary,"['Observance', 'Christian']",Germany,DE
2023-09-01,Anti War Day,['Observance'],Germany,DE
2023-09-09,German Language Day,['Observance'],Germany,DE
2023-09-10,European Heritage Days,['Observance'],Germany,DE
2023-09-16,Rosh Hashana,"['Observance', 'Hebrew']",Germany,DE
2023-09-17,Second Day of Rosh Hashana,"['Observance', 'Hebrew']",Germany,DE
2023-09-20,German World Children's Day,['Observance'],Germany,DE
2023-09-20,German World Children's Day,['Common local holiday'],Germany,DE
2023-09-23T08:50:01+02:00,September Equinox,['Season'],Germany,DE
2023-09-25,Yom Kippur,"['Observance', 'Hebrew']",Germany,DE
2023-09-30,German Food Bank Day,['Observance'],Germany,DE
2023-09-30,First day of Sukkot,"['Observance', 'Hebrew']",Germany,DE
2023-10-01,Harvest Festival,['Observance'],Germany,DE
2023-10-01,Second Day of Sukkot,"['Observance', 'Hebrew']",Germany,DE
2023-10-03,Day of German Unity,['National holiday'],Germany,DE
2023-10-05,Sixth Day of Sukkot,"['Observance', 'Hebrew']",Germany,DE
2023-10-06,Seventh Day of Sukkot,"['Observance', 'Hebrew']",Germany,DE
2023-10-07,Shemini Atzeret,"['Observance', 'Hebrew']",Germany,DE
2023-10-08,Simchat Torah,"['Observance', 'Hebrew']",Germany,DE
2023-10-08,Grandparents' Day,['Observance'],Germany,DE
2023-10-29T03:00:00+02:00,Daylight Saving Time ends,['Clock change/Daylight Saving Time'],Germany,DE
2023-10-30,World Thrift Day,['Observance'],Germany,DE
2023-10-31,Reformation Day,['Common local holiday'],Germany,DE
2023-10-31,Reformation Day,"['Observance', 'Christian']",Germany,DE
2023-10-31,Halloween,['Observance'],Germany,DE
2023-11-01,All Saints' Day,"['Christian', 'Common local holiday']",Germany,DE
2023-11-01,All Saints' Day,"['Observance', 'Christian']",Germany,DE
2023-11-02,All Souls' Day,"['Observance', 'Christian']",Germany,DE
2023-11-09,Night of Broken Glass Remembrance Day,['Observance'],Germany,DE
2023-11-09,9th of November,['Observance'],Germany,DE
2023-11-09,Fall of the Berlin Wall,['Observance'],Germany,DE
2023-11-11,St. Martin's Day,"['Observance', 'Christian']",Germany,DE
2023-11-19,National Day of Mourning,['Observance'],Germany,DE
2023-11-22,Repentance Day,['Observance'],Germany,DE
2023-11-22,Repentance Day,"['Christian', 'Common local holiday']",Germany,DE
2023-11-22,Repentance Day,"['Observance', 'Christian']",Germany,DE
2023-11-26,Sunday of the Dead,['Observance'],Germany,DE
2023-12-03,First Advent Sunday,"['Observance', 'Christian']",Germany,DE
2023-12-06,Saint Nicholas Day,"['Observance', 'Christian']",Germany,DE
2023-12-08,Feast of the Immaculate Conception,"['Observance', 'Christian']",Germany,DE
2023-12-10,Second Advent Sunday,"['Observance', 'Christian']",Germany,DE
2023-12-17,Third Advent Sunday,"['Observance', 'Christian']",Germany,DE
2023-12-19,Remembrance Day for Roma and Sinti killed by Genocide,['Observance'],Germany,DE
2023-12-22T04:27:21+01:00,December Solstice,['Season'],Germany,DE
2023-12-24,Fourth Advent Sunday,"['Observance', 'Christian']",Germany,DE
2023-12-24,Christmas Eve,['Half-day holiday'],Germany,DE
2023-12-25,Christmas Day,"['National holiday', 'Christian']",Germany,DE
2023-12-26,Boxing Day,"['National holiday', 'Christian']",Germany,DE
2023-12-31,New Year's Eve,['Half-day holiday'],Germany,DE
