Date,Name,Type,Country Name,Country Code
2023-01-01,New Year's Day,['National holiday'],Montserrat,MS
2023-01-02,Festival Day observed,['National holiday'],Montserrat,MS
2023-01-03,New Year's Day observed,['National holiday'],Montserrat,MS
2023-03-17,St. Patrick's Day,['National holiday'],Montserrat,MS
2023-03-20T17:24:20-04:00,March Equinox,['Season'],Montserrat,MS
2023-04-07,Good Friday,['National holiday'],Montserrat,MS
2023-04-10,Easter Monday,['National holiday'],Montserrat,MS
2023-05-01,Labour Day,['National holiday'],Montserrat,MS
2023-05-06,Coronation of King Charles III,['Observance'],Montserrat,MS
2023-05-08,Holiday for the Coronation of King Charles III,['National holiday'],Montserrat,MS
2023-05-29,Whit Monday,['National holiday'],Montserrat,MS
2023-06-12,King’s Birthday Holiday,['National holiday'],Montserrat,MS
2023-06-21T10:57:49-04:00,June Solstice,['Season'],Montserrat,MS
2023-08-07,Emancipation Day,['National holiday'],Montserrat,MS
2023-09-23T02:50:01-04:00,September Equinox,['Season'],Montserrat,MS
2023-12-21T23:27:21-04:00,December Solstice,['Season'],Montserrat,MS
2023-12-25,Christmas Day,['National holiday'],Montserrat,MS
2023-12-26,Boxing Day,['National holiday'],Montserrat,MS
2023-12-31,Festival Day,['National holiday'],Montserrat,MS
