Date,Name,Type,Country Name,Country Code
2023-01-01,New Year's Day,['National holiday'],Sint Maarten,SX
2023-03-20T17:24:20-04:00,March Equinox,['Season'],Sint Maarten,SX
2023-04-07,Good Friday,['National holiday'],Sint Maarten,SX
2023-04-09,Easter Sunday,['National holiday'],Sint Maarten,SX
2023-04-10,Easter Monday,['National holiday'],Sint Maarten,SX
2023-04-27,King's Day,['National holiday'],Sint Maarten,SX
2023-05-01,Labor Day / May Day,['National holiday'],Sint Maarten,SX
2023-05-02,Carnival Day,['National holiday'],Sint Maarten,SX
2023-05-18,Ascension Day,['National holiday'],Sint Maarten,SX
2023-05-28,Whit Sunday,['National holiday'],Sint Maarten,SX
2023-06-21T10:57:49-04:00,June Solstice,['Season'],Sint Maarten,SX
2023-07-01,Emancipation Day,['National holiday'],Sint Maarten,SX
2023-09-23T02:50:01-04:00,September Equinox,['Season'],Sint Maarten,SX
2023-10-09,Constitution Day,['National holiday'],Sint Maarten,SX
2023-11-11,Sint Maarten's Day,['National holiday'],Sint Maarten,SX
2023-12-21T23:27:21-04:00,December Solstice,['Season'],Sint Maarten,SX
2023-12-25,Christmas Day,['National holiday'],Sint Maarten,SX
2023-12-26,Boxing Day,['National holiday'],Sint Maarten,SX
