Date,Name,Type,Country Name,Country Code
2023-01-01,New Year's Day,['National holiday'],Turks and Caicos Islands,TC
2023-01-02,Day off for New Year's Day,['National holiday'],Turks and Caicos Islands,TC
2023-03-13,Commonwealth Day,['National holiday'],Turks and Caicos Islands,TC
2023-03-20T17:24:20-04:00,March Equinox,['Season'],Turks and Caicos Islands,TC
2023-04-07,Good Friday,['National holiday'],Turks and Caicos Islands,TC
2023-04-10,Easter Monday,['National holiday'],Turks and Caicos Islands,TC
2023-05-06,Coronation of King Charles III,['Observance'],Turks and Caicos Islands,TC
2023-05-08,Public Holiday for the Coronation of King Charles III,['National holiday'],Turks and Caicos Islands,TC
2023-05-29,JAGS McCartney Day,['National holiday'],Turks and Caicos Islands,TC
2023-06-19,King's Birthday,['National holiday'],Turks and Caicos Islands,TC
2023-06-21T10:57:49-04:00,June Solstice,['Season'],Turks and Caicos Islands,TC
2023-08-01,Emancipation Day,['National holiday'],Turks and Caicos Islands,TC
2023-09-23T02:50:01-04:00,September Equinox,['Season'],Turks and Caicos Islands,TC
2023-09-29,National Youth Day,['National holiday'],Turks and Caicos Islands,TC
2023-10-09,National Heritage Day,['National holiday'],Turks and Caicos Islands,TC
2023-11-10,Remembrance Day,['Observance'],Turks and Caicos Islands,TC
2023-11-24,Thanksgiving Day,['National holiday'],Turks and Caicos Islands,TC
2023-12-10,International Human Rights Day,['Observance'],Turks and Caicos Islands,TC
2023-12-21T22:27:21-05:00,December Solstice,['Season'],Turks and Caicos Islands,TC
2023-12-25,Christmas Day,['National holiday'],Turks and Caicos Islands,TC
2023-12-26,Boxing Day,['National holiday'],Turks and Caicos Islands,TC
